id;title;lastname;firstname;fathers_name;comments;birth_date;giortazi;male;me_letter;me_label;image;image_content_type
1;Granite Borders;Cotton invoice Account;Steel zero;Rest functionalities synthesize;../fake-data/blob/hipster.txt;2022-02-03;haptic;false;23035;84598;../fake-data/blob/hipster.png;image/png
2;ubiquitous;Shoes Manager 1080p;Texas;connect;../fake-data/blob/hipster.txt;2022-02-03;Account quantifying maroon;true;97111;72779;../fake-data/blob/hipster.png;image/png
3;Berkshire Gorgeous Bedfordshire;Bedfordshire red Jewelery;payment Metical SSL;Frozen proactive;../fake-data/blob/hipster.txt;2022-02-04;back Keyboard;false;65273;240;../fake-data/blob/hipster.png;image/png
4;synthesize Direct morph;client-server functionalities;invoice;Shoes;../fake-data/blob/hipster.txt;2022-02-04;Generic program navigate;true;96543;56721;../fake-data/blob/hipster.png;image/png
5;copying parsing;green indigo red;driver Sleek cyan;hard Dynamic;../fake-data/blob/hipster.txt;2022-02-04;e-enable indexing;true;33266;90445;../fake-data/blob/hipster.png;image/png
6;up HDD;Facilitator global Unbranded;Mongolia monitor;Rica Micronesia;../fake-data/blob/hipster.txt;2022-02-04;Principal hack Table;false;26755;60185;../fake-data/blob/hipster.png;image/png
7;relationships Small Investment;actuating synthesizing;Home;Wall synthesizing;../fake-data/blob/hipster.txt;2022-02-03;niches deposit;true;27918;12983;../fake-data/blob/hipster.png;image/png
8;parse Steel embrace;Salad;architectures Lead;Rustic Architect;../fake-data/blob/hipster.txt;2022-02-04;Dinar empowering;false;36199;44671;../fake-data/blob/hipster.png;image/png
9;holistic Account Court;Chips Gorgeous Car;copy Berkshire;neural multi-state;../fake-data/blob/hipster.txt;2022-02-03;Bedfordshire Optimization;false;81898;84478;../fake-data/blob/hipster.png;image/png
10;innovate;Mount;Optimization Assimilated;Executive generating Texas;../fake-data/blob/hipster.txt;2022-02-04;24/7 Baby;true;80072;87892;../fake-data/blob/hipster.png;image/png
