id;first_name;last_name;full_name;email;phone_number;hire_date_time;zoned_hire_date_time;hire_date;salary;commission_pct;duration;pict;pict_content_type;comments;cv;cv_content_type;active
1;Lola;Rogahn;Account Soft;"SqMSBgFtv@jeUm8-q-e.SRO.p0a.ED";reinvent orchestrate;2022-02-03T15:16:49;2022-02-04T00:18:20;2022-02-03;54645;32;92208;../fake-data/blob/hipster.png;image/png;../fake-data/blob/hipster.txt;../fake-data/blob/hipster.png;image/png;false
2;Junior;Adams;Singapore;"gDAh@agl.TO-t75.hoi.H7j.zpk.w9F.HBk";infrastructures Movies payment;2022-02-03T23:31:44;2022-02-04T07:05:51;2022-02-04;7256;3;21747;../fake-data/blob/hipster.png;image/png;../fake-data/blob/hipster.txt;../fake-data/blob/hipster.png;image/png;true
3;Rory;Price;Bacon Officer;"kA-khmnX-oAV-Kec4jOy@_O.6Fj.5L";Soft Steel Awesome;2022-02-04T03:27:00;2022-02-04T05:07:47;2022-02-03;53558;53;22443;../fake-data/blob/hipster.png;image/png;../fake-data/blob/hipster.txt;../fake-data/blob/hipster.png;image/png;true
4;Tomas;Kassulke;Cheese;"xp.epbN_-Af2hR2.Pnv3Za@3O5R.cUb.ae.biG.iz.0dv";Turkish Glen;2022-02-04T09:17:00;2022-02-03T15:26:08;2022-02-03;52271;71;88991;../fake-data/blob/hipster.png;image/png;../fake-data/blob/hipster.txt;../fake-data/blob/hipster.png;image/png;true
5;Herman;Emard;overriding;"bf-opc9.RXhU3F@_IdYkfiDxfTPz8.N4dJm.sw";back-end;2022-02-03T18:47:51;2022-02-03T17:59:00;2022-02-03;98531;40;88259;../fake-data/blob/hipster.png;image/png;../fake-data/blob/hipster.txt;../fake-data/blob/hipster.png;image/png;false
6;Jennyfer;Grady;networks open-source deposit;"5nzEFltA0g6@0.7VtT.ujk0VZ.Um.04._uB";override generate next;2022-02-03T23:48:43;2022-02-04T07:09:25;2022-02-03;36668;3;79370;../fake-data/blob/hipster.png;image/png;../fake-data/blob/hipster.txt;../fake-data/blob/hipster.png;image/png;false
7;Angelica;Gaylord;primary;"ywu.S4KFO@0B.C_d.jz";national redefine;2022-02-03T23:47:59;2022-02-04T11:41:12;2022-02-04;51870;10;8425;../fake-data/blob/hipster.png;image/png;../fake-data/blob/hipster.txt;../fake-data/blob/hipster.png;image/png;true
8;Lavada;Ondricka;generating Lead Branding;"7Sc@sZk7.EAz-0Xt.0ma3SJHI1o.ou.kcl.9Gi";quantifying Organized;2022-02-04T03:28:23;2022-02-03T15:51:03;2022-02-03;46538;48;78790;../fake-data/blob/hipster.png;image/png;../fake-data/blob/hipster.txt;../fake-data/blob/hipster.png;image/png;false
9;Hershel;Wisoky;cyan Islands;"7Y7K@sJgMZR.x8A_TLy.3YL.jA.NMl.__";optical interface optical;2022-02-03T19:03:01;2022-02-04T03:38:24;2022-02-03;68739;88;11681;../fake-data/blob/hipster.png;image/png;../fake-data/blob/hipster.txt;../fake-data/blob/hipster.png;image/png;false
10;Electa;Sanford;Pants Hill Mississippi;"uf4_A@z4Qr1wNsjwCpOq-mwp.L0N";digital enterprise;2022-02-03T23:20:25;2022-02-03T22:47:19;2022-02-04;55973;56;34462;../fake-data/blob/hipster.png;image/png;../fake-data/blob/hipster.txt;../fake-data/blob/hipster.png;image/png;false
